Position,Const,Created,Modified,Description,Title,URL,Title Type,IMDb Rating,Runtime (mins),Year,Genres,Num Votes,Release Date,Directors,Your Rating,Date Rated
1,tt1174732,2022-06-25,2022-06-25,,An Education,https://www.imdb.com/title/tt1174732/,movie,7.3,100,2009,Drama,135979,2009-01-18,Lone Scherfig,,
2,tt0443272,2022-06-25,2022-06-25,,Lincoln,https://www.imdb.com/title/tt0443272/,movie,7.3,150,2012,"Biography, Drama, History, War",264836,2012-10-08,Steven Spielberg,,
3,tt2316411,2022-06-25,2022-06-25,,Enemy,https://www.imdb.com/title/tt2316411/,movie,6.9,91,2013,"Drama, Mystery, Thriller",200521,2013-09-08,Denis Villeneuve,,
4,tt2488496,2022-06-25,2022-06-25,,Star Wars: Episode VII - The Force Awakens,https://www.imdb.com/title/tt2488496/,movie,7.8,138,2015,"Action, Adventure, Sci-Fi",943761,2015-12-14,J.J. Abrams,,
5,tt5727208,2022-06-25,2022-06-25,,Uncut Gems,https://www.imdb.com/title/tt5727208/,movie,7.4,135,2019,"Crime, Drama, Thriller",294029,2019-08-30,"Benny Safdie, Josh Safdie",,
6,tt3794354,2022-06-25,2022-06-25,,Sonic the Hedgehog,https://www.imdb.com/title/tt3794354/,movie,6.5,99,2020,"Action, Adventure, Comedy, Family, Fantasy, Sci-Fi",145619,2020-01-25,Jeff Fowler,,
7,tt16450598,2022-06-25,2022-06-25,,IMDb on the Scene - Interviews: The Matrix Resurrections,https://www.imdb.com/title/tt16450598/,tvEpisode,5.4,,2021,Talk-Show,393,2021-12-22,,,
8,tt18224594,2022-06-25,2022-06-25,,Blade Runner 2099,https://www.imdb.com/title/tt18224594/,tvMiniSeries,,,,"Action, Drama, Mystery, Sci-Fi, Thriller",,,,,
9,tt0373889,2022-06-25,2022-06-25,,Harry Potter and the Order of the Phoenix,https://www.imdb.com/title/tt0373889/,movie,7.5,138,2007,"Action, Adventure, Family, Fantasy, Mystery",597810,2007-06-28,David Yates,,
10,tt0910970,2022-06-25,2022-06-25,,WALL·E,https://www.imdb.com/title/tt0910970/,movie,8.4,98,2008,"Animation, Adventure, Family, Sci-Fi",1136399,2008-06-21,Andrew Stanton,,
11,tt8292950,2022-06-25,2022-06-25,,Washington's War: General George Washington and the Revolutionary War,https://www.imdb.com/title/tt8292950/,short,,18,2018,"Short, History",,2018-02-22,"Shane Seley, Keith Johnson",,
12,tt0268978,2022-07-24,2022-07-24,,A Beautiful Mind,https://www.imdb.com/title/tt0268978/,movie,8.2,135,2001,"Biography, Drama",946409,2001-12-13,Ron Howard,,
13,tt1856010,2022-09-25,2022-09-25,,House of Cards,https://www.imdb.com/title/tt1856010/,tvSeries,8.7,51,2013,Drama,512648,2013-02-01,,,
14,tt0056751,2022-09-25,2022-09-25,,Doctor Who,https://www.imdb.com/title/tt0056751/,tvSeries,8.4,45,1963,"Adventure, Drama, Family, Sci-Fi",38064,1963-11-23,,,
15,tt0076759,2022-09-25,2022-09-25,,Star Wars,https://www.imdb.com/title/tt0076759/,movie,8.6,121,1977,"Action, Adventure, Fantasy, Sci-Fi",1386338,1977-05-25,George Lucas,,
16,tt0060028,2022-09-25,2022-09-25,,Star Trek,https://www.imdb.com/title/tt0060028/,tvSeries,8.4,50,1966,"Action, Adventure, Sci-Fi",86952,1966-09-04,,,
17,tt0118884,2022-09-25,2022-09-25,,Contact,https://www.imdb.com/title/tt0118884/,movie,7.5,150,1997,"Drama, Mystery, Sci-Fi, Thriller",281062,1997-07-11,Robert Zemeckis,,
18,tt0117060,2022-09-25,2022-09-25,,Mission: Impossible,https://www.imdb.com/title/tt0117060/,movie,7.1,110,1996,"Action, Adventure, Thriller",436408,1996-05-20,Brian De Palma,,
19,tt0407304,2022-09-25,2022-09-25,,War of the Worlds,https://www.imdb.com/title/tt0407304/,movie,6.5,116,2005,"Action, Adventure, Sci-Fi",457947,2005-06-13,Steven Spielberg,,
20,tt0181689,2022-09-25,2022-09-25,,Minority Report,https://www.imdb.com/title/tt0181689/,movie,7.6,145,2002,"Action, Crime, Mystery, Sci-Fi, Thriller",563051,2002-06-17,Steven Spielberg,,
21,tt0133093,2022-09-25,2022-09-25,,The Matrix,https://www.imdb.com/title/tt0133093/,movie,8.7,136,1999,"Action, Sci-Fi",1947067,1999-03-24,"Lilly Wachowski, Lana Wachowski",,
22,tt0119174,2022-09-25,2022-09-25,,The Game,https://www.imdb.com/title/tt0119174/,movie,7.7,129,1997,"Drama, Mystery, Thriller",406935,1997-09-03,David Fincher,,
23,tt0381061,2022-09-25,2022-09-25,,Casino Royale,https://www.imdb.com/title/tt0381061/,movie,8.0,144,2006,"Action, Adventure, Thriller",668419,2006-11-14,Martin Campbell,,
24,tt0106179,2022-09-25,2022-09-25,,The X Files,https://www.imdb.com/title/tt0106179/,tvSeries,8.6,45,1993,"Crime, Drama, Mystery, Sci-Fi, Thriller",232951,1993-09-10,,,
25,tt0120902,2022-09-25,2022-09-25,,The X Files,https://www.imdb.com/title/tt0120902/,movie,7.0,121,1998,"Drama, Mystery, Sci-Fi, Thriller",107480,1998-06-19,Rob Bowman,,
26,tt0443701,2022-09-25,2022-09-25,,The X Files: I Want to Believe,https://www.imdb.com/title/tt0443701/,movie,5.9,104,2008,"Crime, Drama, Horror, Mystery, Sci-Fi, Thriller",92481,2008-07-24,Chris Carter,,
27,tt1136608,2022-09-25,2022-09-25,,District 9,https://www.imdb.com/title/tt1136608/,movie,7.9,112,2009,"Action, Sci-Fi, Thriller",692315,2009-08-13,Neill Blomkamp,,
28,tt0137523,2022-09-25,2022-09-25,,Fight Club,https://www.imdb.com/title/tt0137523/,movie,8.8,139,1999,Drama,2172185,1999-09-10,David Fincher,,
29,tt0114369,2022-09-25,2022-09-25,,Se7en,https://www.imdb.com/title/tt0114369/,movie,8.6,127,1995,"Crime, Drama, Mystery, Thriller",1686847,1995-09-15,David Fincher,,
30,tt0114814,2022-09-25,2022-09-25,,The Usual Suspects,https://www.imdb.com/title/tt0114814/,movie,8.5,106,1995,"Crime, Drama, Mystery, Thriller",1100066,1995-01-25,Bryan Singer,,
31,tt0120738,2022-09-25,2022-09-25,,Lost in Space,https://www.imdb.com/title/tt0120738/,movie,5.2,130,1998,"Action, Adventure, Family, Sci-Fi, Thriller",73527,1998-04-03,Stephen Hopkins,,
32,tt1535108,2022-09-25,2022-09-25,,Elysium,https://www.imdb.com/title/tt1535108/,movie,6.6,109,2013,"Action, Drama, Sci-Fi, Thriller",455723,2013-08-07,Neill Blomkamp,,
33,tt0149460,2022-09-25,2022-09-25,,Futurama,https://www.imdb.com/title/tt0149460/,tvSeries,8.5,22,1999,"Animation, Adventure, Comedy, Sci-Fi",244464,1999-03-28,,,
34,tt1340425,2022-09-25,2022-09-25,,DMT: The Spirit Molecule,https://www.imdb.com/title/tt1340425/,movie,7.1,75,2010,Documentary,4774,2010-09-26,Mitch Schultz,,
35,tt0120382,2022-09-25,2022-09-25,,The Truman Show,https://www.imdb.com/title/tt0120382/,movie,8.2,103,1998,"Comedy, Drama",1109216,1998-06-01,Peter Weir,,
36,tt0795176,2022-09-25,2022-09-25,,Planet Earth,https://www.imdb.com/title/tt0795176/,tvMiniSeries,9.4,538,2006,Documentary,212965,2006-02-27,,,
37,tt0338013,2022-09-25,2022-09-25,,Eternal Sunshine of the Spotless Mind,https://www.imdb.com/title/tt0338013/,movie,8.3,108,2004,"Drama, Romance, Sci-Fi",1026238,2004-03-09,Michel Gondry,,
38,tt3659388,2022-09-25,2022-09-25,,The Martian,https://www.imdb.com/title/tt3659388/,movie,8.0,144,2015,"Adventure, Drama, Sci-Fi",874099,2015-09-11,Ridley Scott,,
39,tt0183523,2022-09-25,2022-09-25,,Mission to Mars,https://www.imdb.com/title/tt0183523/,movie,5.6,114,2000,"Adventure, Sci-Fi, Thriller",74724,2000-03-06,Brian De Palma,,
40,tt0112818,2022-09-25,2022-09-25,,Dead Man Walking,https://www.imdb.com/title/tt0112818/,movie,7.5,122,1995,"Crime, Drama",97808,1995-12-29,Tim Robbins,,
41,tt0150153,2022-09-25,2022-09-25,,Closure,https://www.imdb.com/title/tt0150153/,video,9.1,91,1997,"Documentary, Music",918,1997-11-25,"Ben Stokes, Mark Romanek, Serge Becker, Eric Zimmerman, Brett Turnbull, Jon Reiss, Peter Christopherson, Simon Maxwell, Jonathan Rach, Eric Goode",,
42,tt0216214,2022-09-25,2022-09-25,,Pearl Jam: Single Video Theory,https://www.imdb.com/title/tt0216214/,video,8.3,45,1998,"Documentary, Music",864,1998-08-04,Mark Pellington,,
43,tt0488664,2022-09-25,2022-09-25,,Vertigo 2005: U2 Live from Chicago,https://www.imdb.com/title/tt0488664/,video,8.3,139,2005,Music,940,2005-11-14,"Erica Forstadt, Hamish Hamilton",,
44,tt0275011,2022-09-25,2022-09-25,,U2: PopMart Live from Mexico City,https://www.imdb.com/title/tt0275011/,movie,8.3,127,1997,"Documentary, Music",759,1997-12-03,David Mallet,,
45,tt0416508,2022-09-25,2022-09-25,,Becoming Jane,https://www.imdb.com/title/tt0416508/,movie,7.0,120,2007,"Biography, Drama, Romance",63218,2007-03-02,Julian Jarrold,,
46,tt0091993,2022-09-25,2022-09-25,,SpaceCamp,https://www.imdb.com/title/tt0091993/,movie,5.7,107,1986,"Adventure, Family, Sci-Fi",15377,1986-06-06,Harry Winer,,
47,tt0083866,2022-09-25,2022-09-25,,E.T. the Extra-Terrestrial,https://www.imdb.com/title/tt0083866/,movie,7.9,115,1982,"Adventure, Family, Sci-Fi",418938,1982-05-26,Steven Spielberg,,
48,tt0075860,2022-09-25,2022-09-25,,Close Encounters of the Third Kind,https://www.imdb.com/title/tt0075860/,movie,7.6,138,1977,"Drama, Sci-Fi",207436,1977-11-15,Steven Spielberg,,
49,tt0078748,2022-09-25,2022-09-25,,Alien,https://www.imdb.com/title/tt0078748/,movie,8.5,117,1979,"Horror, Sci-Fi",898422,1979-05-25,Ridley Scott,,
50,tt0062622,2022-09-25,2022-09-25,,2001: A Space Odyssey,https://www.imdb.com/title/tt0062622/,movie,8.3,149,1968,"Adventure, Sci-Fi",681652,1968-04-02,Stanley Kubrick,,
51,tt0114746,2022-09-25,2022-09-25,,Twelve Monkeys,https://www.imdb.com/title/tt0114746/,movie,8.0,129,1995,"Mystery, Sci-Fi, Thriller",627326,1995-12-08,Terry Gilliam,,
52,tt0470752,2022-09-25,2022-09-25,,Ex Machina,https://www.imdb.com/title/tt0470752/,movie,7.7,108,2014,"Drama, Sci-Fi, Thriller",558212,2014-12-16,Alex Garland,,
53,tt0436697,2022-09-25,2022-09-25,,The Queen,https://www.imdb.com/title/tt0436697/,movie,7.3,103,2006,"Biography, Drama",113555,2006-09-02,Stephen Frears,,
54,tt0102138,2022-09-25,2022-09-25,,JFK,https://www.imdb.com/title/tt0102138/,movie,8.0,189,1991,"Drama, History, Thriller",161132,1991-12-19,Oliver Stone,,
55,tt0110632,2022-09-25,2022-09-25,,Natural Born Killers,https://www.imdb.com/title/tt0110632/,movie,7.2,119,1994,"Action, Crime, Drama",241089,1994-08-26,Oliver Stone,,
56,tt0151137,2022-09-25,2022-09-25,,Joan of Arc,https://www.imdb.com/title/tt0151137/,movie,6.4,158,1999,"Adventure, Biography, Drama, History, War",67965,1999-10-18,Luc Besson,,
57,tt0452694,2022-09-25,2022-09-25,,The Time Traveler's Wife,https://www.imdb.com/title/tt0452694/,movie,7.1,107,2009,"Comedy, Drama, Fantasy, Romance, Sci-Fi",153750,2009-08-14,Robert Schwentke,,
58,tt0216216,2022-09-25,2022-09-25,,The 6th Day,https://www.imdb.com/title/tt0216216/,movie,5.9,123,2000,"Action, Mystery, Sci-Fi, Thriller",124718,2000-10-28,Roger Spottiswoode,,
59,tt0119654,2022-09-25,2022-09-25,,Men in Black,https://www.imdb.com/title/tt0119654/,movie,7.3,98,1997,"Action, Adventure, Comedy, Sci-Fi",581271,1997-06-25,Barry Sonnenfeld,,
60,tt0116922,2022-09-25,2022-09-25,,Lost Highway,https://www.imdb.com/title/tt0116922/,movie,7.6,134,1997,"Mystery, Thriller",146577,1997-01-15,David Lynch,,
61,tt1375666,2022-09-25,2022-09-25,,Inception,https://www.imdb.com/title/tt1375666/,movie,8.8,148,2010,"Action, Adventure, Sci-Fi, Thriller",2398413,2010-07-08,Christopher Nolan,,
62,tt2267998,2022-09-25,2022-09-25,,Gone Girl,https://www.imdb.com/title/tt2267998/,movie,8.1,149,2014,"Drama, Mystery, Thriller",1003217,2014-09-26,David Fincher,,
63,tt1017460,2022-09-25,2022-09-25,,Splice,https://www.imdb.com/title/tt1017460/,movie,5.8,104,2009,"Horror, Sci-Fi",99300,2009-10-06,Vincenzo Natali,,
64,tt0105415,2022-09-25,2022-09-25,,Singles,https://www.imdb.com/title/tt0105415/,movie,6.7,99,1992,"Comedy, Drama, Music, Romance",31209,1992-09-18,Cameron Crowe,,
65,tt0110912,2022-09-25,2022-09-25,,Pulp Fiction,https://www.imdb.com/title/tt0110912/,movie,8.9,154,1994,"Crime, Drama",2096952,1994-05-21,Quentin Tarantino,,
66,tt1179904,2022-09-25,2022-09-25,,Paranormal Activity,https://www.imdb.com/title/tt1179904/,movie,6.3,86,2007,"Horror, Mystery",245931,2007-10-14,Oren Peli,,
67,tt0449487,2022-09-25,2022-09-25,,Passengers,https://www.imdb.com/title/tt0449487/,movie,5.8,93,2008,"Mystery, Romance, Thriller",37970,2008-09-26,Rodrigo García,,
68,tt0102685,2022-09-25,2022-09-25,,Point Break,https://www.imdb.com/title/tt0102685/,movie,7.2,122,1991,"Action, Crime, Thriller",190140,1991-07-10,Kathryn Bigelow,,
69,tt0086960,2022-09-25,2022-09-25,,Beverly Hills Cop,https://www.imdb.com/title/tt0086960/,movie,7.3,105,1984,"Action, Comedy, Crime, Thriller",190702,1984-12-01,Martin Brest,,
70,tt0094898,2022-09-25,2022-09-25,,Coming to America,https://www.imdb.com/title/tt0094898/,movie,7.1,117,1988,"Comedy, Romance",213770,1988-06-26,John Landis,,
71,tt0092948,2022-09-25,2022-09-25,,Eddie Murphy: Raw,https://www.imdb.com/title/tt0092948/,movie,7.6,93,1987,"Documentary, Comedy",20167,1987-11-25,Robert Townsend,,
72,tt0088247,2022-09-25,2022-09-25,,The Terminator,https://www.imdb.com/title/tt0088247/,movie,8.1,107,1984,"Action, Sci-Fi",881150,1984-10-26,James Cameron,,
73,tt0306922,2022-09-25,2022-09-25,,Guns N' Roses: Makin' F@*!ing Videos Part I - Don't Cry,https://www.imdb.com/title/tt0306922/,video,8.6,60,1993,"Documentary, Music",147,1993-06-30,"Andrew Morahan, Mark Racco",,
74,tt2980516,2022-09-25,2022-09-25,,The Theory of Everything,https://www.imdb.com/title/tt2980516/,movie,7.7,123,2014,"Biography, Drama, Romance",461721,2014-09-07,James Marsh,,
75,tt0096328,2022-09-25,2022-09-25,,U2: Rattle and Hum,https://www.imdb.com/title/tt0096328/,movie,7.6,99,1988,"Documentary, Music",6042,1988-10-27,Phil Joanou,,
76,tt1514425,2022-09-25,2022-09-25,,Mothman,https://www.imdb.com/title/tt1514425/,tvMovie,3.4,91,2010,Horror,1265,2010-04-24,Sheldon Wilson,,
77,tt0127536,2022-09-25,2022-09-25,,Elizabeth,https://www.imdb.com/title/tt0127536/,movie,7.4,124,1998,"Biography, Drama, History",101771,1998-09-08,Shekhar Kapur,,
78,tt0277949,2022-09-25,2022-09-25,,Pearl Jam: Touring Band 2000,https://www.imdb.com/title/tt0277949/,video,8.6,125,2001,"Documentary, Music",1183,2001-05-01,,,
79,tt1417592,2022-09-25,2022-09-25,,Pearl Jam Twenty,https://www.imdb.com/title/tt1417592/,movie,8.2,119,2011,"Documentary, History, Music",8021,2011-09-10,Cameron Crowe,,
80,tt1385956,2022-09-25,2022-09-25,,Particle Fever,https://www.imdb.com/title/tt1385956/,movie,7.4,99,2013,Documentary,7503,2013-06-14,Mark Levinson,,
81,tt4647410,2022-09-25,2022-09-25,,Hubble's Cosmic Journey,https://www.imdb.com/title/tt4647410/,tvMovie,8.1,44,2015,Documentary,202,2015-04-18,Christopher Riley,,
82,tt0366707,2022-09-25,2022-09-25,,Led Zeppelin DVD,https://www.imdb.com/title/tt0366707/,video,9.2,320,2003,"Documentary, Music",3011,2003-05-15,"Dick Carruthers, Jimmy Page",,
83,tt0376288,2022-09-25,2022-09-25,,U2: The Best of 1990-2000,https://www.imdb.com/title/tt0376288/,video,8.3,176,2002,"Documentary, Music",683,2002-12-10,"David Mallet, Jake Scott, Wim Wenders, Josh Pearson, Mark Neale, Phil Joanou, Joseph Kahn, Kevin Godley, Stephane Sednaoui, Morleigh Steinberg, Maurice Linnane, Richie Smyth, Jon Klein, Gardner Post, Anton Corbijn, Bill Carter, Jonas Åkerlund",,
84,tt0124259,2022-09-25,2022-09-25,,Stephen Hawking's Universe,https://www.imdb.com/title/tt0124259/,tvMiniSeries,8.3,360,1997,Documentary,1037,1997-10-13,,,
85,tt0120804,2022-09-25,2022-09-25,,Resident Evil,https://www.imdb.com/title/tt0120804/,movie,6.6,100,2002,"Action, Horror, Sci-Fi",277341,2002-03-12,Paul W.S. Anderson,,
86,tt0363988,2022-09-25,2022-09-25,,Secret Window,https://www.imdb.com/title/tt0363988/,movie,6.5,96,2004,"Drama, Mystery, Thriller",201463,2004-03-07,David Koepp,,
87,tt0107688,2022-09-25,2022-09-25,,The Nightmare Before Christmas,https://www.imdb.com/title/tt0107688/,movie,7.9,76,1993,"Animation, Family, Fantasy, Musical",350141,1993-10-09,Henry Selick,,
88,tt8060080,2022-09-25,2022-09-25,,The Fabric of the Cosmos,https://www.imdb.com/title/tt8060080/,tvMiniSeries,8.5,240,2011,Documentary,309,2011-11-03,,,
89,tt0107290,2022-09-25,2022-09-25,,Jurassic Park,https://www.imdb.com/title/tt0107290/,movie,8.2,127,1993,"Action, Adventure, Sci-Fi, Thriller",1008431,1993-06-09,Steven Spielberg,,
90,tt0116629,2022-09-25,2022-09-25,,Independence Day,https://www.imdb.com/title/tt0116629/,movie,7.0,145,1996,"Action, Adventure, Sci-Fi",584434,1996-06-25,Roland Emmerich,,
91,tt0168122,2022-09-25,2022-09-25,,Pirates of Silicon Valley,https://www.imdb.com/title/tt0168122/,tvMovie,7.2,95,1999,"Biography, Drama, History",24754,1999-06-20,Martyn Burke,,
92,tt0091949,2022-09-25,2022-09-25,,Short Circuit,https://www.imdb.com/title/tt0091949/,movie,6.6,98,1986,"Comedy, Family, Sci-Fi",63782,1986-05-09,John Badham,,
93,tt0089218,2022-09-25,2022-09-25,,The Goonies,https://www.imdb.com/title/tt0089218/,movie,7.7,114,1985,"Adventure, Comedy, Family",283308,1985-06-07,Richard Donner,,
94,tt0086567,2022-09-25,2022-09-25,,WarGames,https://www.imdb.com/title/tt0086567/,movie,7.1,114,1983,"Action, Drama, Sci-Fi, Thriller",103731,1983-05-19,John Badham,,
95,tt0091042,2022-09-25,2022-09-25,,Ferris Bueller's Day Off,https://www.imdb.com/title/tt0091042/,movie,7.8,103,1986,Comedy,367509,1986-06-11,John Hughes,,
96,tt0120737,2022-09-25,2022-09-25,,The Lord of the Rings: The Fellowship of the Ring,https://www.imdb.com/title/tt0120737/,movie,8.8,178,2001,"Action, Adventure, Drama, Fantasy",1906519,2001-12-10,Peter Jackson,,
97,tt2306299,2022-09-25,2022-09-25,,Vikings,https://www.imdb.com/title/tt2306299/,tvSeries,8.5,44,2013,"Action, Adventure, Drama, History, Romance, War",548279,2013-03-03,,,
98,tt0156171,2022-09-25,2022-09-25,,Smashing Pumpkins: Vieuphoria,https://www.imdb.com/title/tt0156171/,video,8.4,90,1994,"Documentary, Music",435,,Modi,,
99,tt0120753,2022-09-25,2022-09-25,,The Million Dollar Hotel,https://www.imdb.com/title/tt0120753/,movie,5.7,122,2000,"Drama, Mystery, Thriller",21938,2000-02-09,Wim Wenders,,
100,tt0119062,2022-09-25,2022-09-25,,The End of Violence,https://www.imdb.com/title/tt0119062/,movie,5.6,122,1997,"Drama, Thriller",5045,1997-05-11,Wim Wenders,,
101,tt0109506,2022-09-25,2022-09-25,,The Crow - Die Krähe,https://www.imdb.com/title/tt0109506/,movie,7.5,102,1994,"Action, Crime, Drama, Fantasy, Horror, Thriller",189442,1994-02-04,Alex Proyas,,
102,tt1132620,2022-09-25,2022-09-25,,Män som hatar kvinnor,https://www.imdb.com/title/tt1132620/,movie,7.8,152,2009,"Crime, Drama, Mystery, Thriller",219180,2009-02-27,Niels Arden Oplev,,
103,tt0116589,2022-09-25,2022-09-25,,Hype!,https://www.imdb.com/title/tt0116589/,movie,7.6,84,1996,"Documentary, History, Music",2778,1996-01-31,Doug Pray,,
104,tt0109445,2022-09-25,2022-09-25,,Clerks,https://www.imdb.com/title/tt0109445/,movie,7.7,92,1994,Comedy,226697,1994-01-31,Kevin Smith,,
105,tt0119278,2022-09-25,2022-09-25,,Chicago Cab,https://www.imdb.com/title/tt0119278/,movie,6.4,96,1997,"Comedy, Drama",2039,1997-10-31,"Mary Cybulski, John Tintori",,
106,tt0158552,2022-09-25,2022-09-25,,Charmed,https://www.imdb.com/title/tt0158552/,tvSeries,7.1,42,1998,"Drama, Fantasy, Mystery",86625,1998-10-07,,,
107,tt0462322,2022-09-25,2022-09-25,,Grindhouse,https://www.imdb.com/title/tt0462322/,movie,7.5,191,2007,"Action, Horror, Thriller",187069,2007-03-26,"Edgar Wright, Rob Zombie, Quentin Tarantino, Robert Rodriguez, Eli Roth",,
108,tt1060277,2022-09-25,2022-09-25,,Cloverfield,https://www.imdb.com/title/tt1060277/,movie,7.0,85,2008,"Action, Adventure, Horror, Sci-Fi, Thriller",407087,2008-01-16,Matt Reeves,,
109,tt2184339,2022-09-25,2022-09-25,,The Purge,https://www.imdb.com/title/tt2184339/,movie,5.7,85,2013,"Horror, Sci-Fi, Thriller",229537,2013-05-02,James DeMonaco,,
110,tt0083658,2022-09-25,2022-09-25,,Blade Runner,https://www.imdb.com/title/tt0083658/,movie,8.1,117,1982,"Action, Drama, Sci-Fi, Thriller",783972,1982-06-25,Ridley Scott,,
111,tt0095953,2022-09-25,2022-09-25,,Rain Man,https://www.imdb.com/title/tt0095953/,movie,8.0,133,1988,Drama,524611,1988-12-12,Barry Levinson,,
112,tt0108778,2022-09-25,2022-09-25,,Friends,https://www.imdb.com/title/tt0108778/,tvSeries,8.9,22,1994,"Comedy, Romance",1020785,1994-09-22,,,
113,tt0289879,2022-09-25,2022-09-25,,The Butterfly Effect,https://www.imdb.com/title/tt0289879/,movie,7.6,113,2004,"Drama, Sci-Fi, Thriller",499386,2004-01-17,"J. Mackye Gruber, Eric Bress",,
114,tt0481369,2022-09-25,2022-09-25,,The Number 23,https://www.imdb.com/title/tt0481369/,movie,6.4,98,2007,"Crime, Mystery, Thriller",206608,2007-02-13,Joel Schumacher,,
115,tt0083437,2022-09-25,2022-09-25,,Knight Rider,https://www.imdb.com/title/tt0083437/,tvSeries,6.9,46,1982,"Action, Crime, Drama, Sci-Fi",35756,1982-09-26,,,
116,tt0086817,2022-09-25,2022-09-25,,Transformers,https://www.imdb.com/title/tt0086817/,tvSeries,8.0,30,1984,"Animation, Action, Adventure, Family, Sci-Fi",22592,1984-09-17,,,
117,tt2080374,2022-09-25,2022-09-25,,Steve Jobs,https://www.imdb.com/title/tt2080374/,movie,7.2,122,2015,"Biography, Drama",172700,2015-09-05,Danny Boyle,,
118,tt7080420,2022-09-25,2022-09-25,,Soundgarden: The Day I Tried to Live,https://www.imdb.com/title/tt7080420/,musicVideo,7.3,5,1994,Music,38,1994-04-30,Matt Mahurin,,
119,tt12625258,2022-09-25,2022-09-25,,The window of your eyes,https://www.imdb.com/title/tt12625258/,short,,,2020,Short,,2020-06-29,Litmus Big,,
120,tt0804505,2022-09-25,2022-09-25,,Married Life,https://www.imdb.com/title/tt0804505/,movie,6.2,91,2007,"Biography, Crime, Drama, Family, Romance",9550,2007-09-12,Ira Sachs,,
121,tt1285016,2022-09-25,2022-09-25,,The Social Network,https://www.imdb.com/title/tt1285016/,movie,7.8,120,2010,"Biography, Drama",719373,2010-09-24,David Fincher,,
122,tt0438154,2022-09-25,2022-09-25,,The Zero Sum,https://www.imdb.com/title/tt0438154/,movie,6.6,96,2009,Drama,56,2009-06-06,Raphael Assaf,,
123,tt0212720,2022-09-25,2022-09-25,,A.I. Artificial Intelligence,https://www.imdb.com/title/tt0212720/,movie,7.2,146,2001,"Drama, Sci-Fi",313698,2001-06-26,Steven Spielberg,,
124,tt0167404,2022-09-25,2022-09-25,,The Sixth Sense,https://www.imdb.com/title/tt0167404/,movie,8.2,107,1999,"Drama, Mystery, Thriller",1006980,1999-08-02,M. Night Shyamalan,,
125,tt0095016,2022-09-25,2022-09-25,,Die Hard,https://www.imdb.com/title/tt0095016/,movie,8.2,132,1988,"Action, Thriller",897936,1988-07-12,John McTiernan,,
126,tt0093409,2022-09-25,2022-09-25,,Lethal Weapon,https://www.imdb.com/title/tt0093409/,movie,7.6,109,1987,"Action, Crime, Thriller",265167,1987-03-06,Richard Donner,,
127,tt0118883,2022-09-25,2022-09-25,,Conspiracy Theory,https://www.imdb.com/title/tt0118883/,movie,6.7,135,1997,"Action, Mystery, Thriller",103212,1997-08-04,Richard Donner,,
128,tt0110475,2022-09-25,2022-09-25,,The Mask,https://www.imdb.com/title/tt0110475/,movie,6.9,101,1994,"Action, Comedy, Crime, Fantasy",396698,1994-07-28,Chuck Russell,,
129,tt0096684,2022-09-25,2022-09-25,,Quantum Leap,https://www.imdb.com/title/tt0096684/,tvSeries,8.2,60,1989,"Action, Adventure, Drama, Mystery, Sci-Fi",34121,1989-03-26,,,
130,tt0118480,2022-09-25,2022-09-25,,Stargate SG-1,https://www.imdb.com/title/tt0118480/,tvSeries,8.4,44,1997,"Action, Adventure, Drama, Sci-Fi",96403,1997-07-27,,,
131,tt1119644,2022-09-25,2022-09-25,,Fringe,https://www.imdb.com/title/tt1119644/,tvSeries,8.4,46,2008,"Drama, Mystery, Sci-Fi, Thriller",248376,2008-09-09,,,
132,tt0093437,2022-09-25,2022-09-25,,The Lost Boys,https://www.imdb.com/title/tt0093437/,movie,7.2,97,1987,"Comedy, Horror",149296,1987-07-27,Joel Schumacher,,
133,tt0411008,2022-09-25,2022-09-25,,Lost,https://www.imdb.com/title/tt0411008/,tvSeries,8.3,44,2004,"Adventure, Drama, Fantasy, Mystery, Sci-Fi, Thriller",565015,2004-09-22,,,
134,tt0092480,2022-09-25,2022-09-25,,Werewolf,https://www.imdb.com/title/tt0092480/,tvSeries,7.8,30,1987,"Horror, Thriller",993,1987-07-11,,,
135,tt0078401,2022-09-25,2022-09-25,,The Time Machine,https://www.imdb.com/title/tt0078401/,tvMovie,5.2,99,1978,"Adventure, Sci-Fi",419,1978-11-05,Henning Schellerup,,
136,tt5292294,2022-09-25,2022-09-25,,Tom Petty and the Heartbreakers: Into the Great Wide Open,https://www.imdb.com/title/tt5292294/,musicVideo,7.7,7,1991,"Short, Music",514,1991-08-31,Julien Temple,,
137,tt1182345,2022-09-25,2022-09-25,,Moon,https://www.imdb.com/title/tt1182345/,movie,7.8,97,2009,"Drama, Mystery, Sci-Fi",365503,2009-01-23,Duncan Jones,,
138,tt0408345,2022-09-25,2022-09-25,,Firewall,https://www.imdb.com/title/tt0408345/,movie,5.8,105,2006,"Action, Crime, Thriller",58622,2006-02-02,Richard Loncraine,,
139,tt0945513,2022-09-25,2022-09-25,,Source Code,https://www.imdb.com/title/tt0945513/,movie,7.5,93,2011,"Action, Drama, Mystery, Sci-Fi, Thriller",529289,2011-03-11,Duncan Jones,,
140,tt0106918,2022-09-25,2022-09-25,,The Firm,https://www.imdb.com/title/tt0106918/,movie,6.8,154,1993,"Drama, Mystery, Thriller",139517,1993-06-23,Sydney Pollack,,
141,tt0218817,2022-09-25,2022-09-25,,Antitrust,https://www.imdb.com/title/tt0218817/,movie,6.1,108,2001,"Action, Crime, Drama, Thriller",29765,2001-01-10,Peter Howitt,,
142,tt4978710,2022-09-25,2022-09-25,,Marjorie Prime,https://www.imdb.com/title/tt4978710/,movie,6.3,99,2017,"Drama, Romance, Sci-Fi",6625,2017-01-23,Michael Almereyda,,
143,tt0111161,2022-09-25,2022-09-25,,The Shawshank Redemption,https://www.imdb.com/title/tt0111161/,movie,9.3,142,1994,Drama,2729243,1994-09-10,Frank Darabont,,
144,tt0088571,2022-09-25,2022-09-25,,Moonlighting,https://www.imdb.com/title/tt0088571/,tvSeries,7.6,60,1985,"Comedy, Drama, Mystery, Romance",21770,1985-03-03,,,
145,tt0083483,2022-09-25,2022-09-25,,St. Elsewhere,https://www.imdb.com/title/tt0083483/,tvSeries,8.0,60,1982,"Comedy, Drama",4798,1982-10-26,,,
146,tt0108757,2022-09-25,2022-09-25,,ER,https://www.imdb.com/title/tt0108757/,tvSeries,7.9,44,1994,"Drama, Romance",63712,1994-09-19,,,
147,tt0098844,2022-09-25,2022-09-25,,Law & Order,https://www.imdb.com/title/tt0098844/,tvSeries,7.8,45,1990,"Crime, Drama, Mystery, Thriller",40769,1990-09-13,,,
148,tt0443649,2022-09-25,2022-09-25,,"10,000 BC",https://www.imdb.com/title/tt0443649/,movie,5.1,109,2008,"Action, Adventure, Drama, Fantasy, History",133058,2008-02-22,Roland Emmerich,,
149,tt0268380,2022-09-25,2022-09-25,,Ice Age,https://www.imdb.com/title/tt0268380/,movie,7.5,81,2002,"Animation, Adventure, Comedy, Family",494182,2002-03-12,"Chris Wedge, Carlos Saldanha",,
150,tt0947798,2022-09-25,2022-09-25,,Black Swan,https://www.imdb.com/title/tt0947798/,movie,8.0,108,2010,"Drama, Thriller",784671,2010-09-01,Darren Aronofsky,,
151,tt0363771,2022-09-25,2022-09-25,,"The Chronicles of Narnia: The Lion, the Witch and the Wardrobe",https://www.imdb.com/title/tt0363771/,movie,6.9,143,2005,"Adventure, Family, Fantasy",408323,2005-12-07,Andrew Adamson,,
152,tt0135095,2022-09-25,2022-09-25,,Life on Earth,https://www.imdb.com/title/tt0135095/,tvMiniSeries,9.1,702,1979,Documentary,3112,1979-01-16,,,
153,tt1371711,2022-09-25,2022-09-25,,Charles Darwin and the Tree of Life,https://www.imdb.com/title/tt1371711/,tvMovie,8.5,59,2009,Documentary,2159,2009-02-01,,,
154,tt1832668,2022-09-25,2022-09-25,,How the Universe Works,https://www.imdb.com/title/tt1832668/,tvSeries,8.9,60,2010,Documentary,6969,2010-04-25,,,
155,tt0217641,2022-09-25,2022-09-25,,The Making of Walking with Dinosaurs,https://www.imdb.com/title/tt0217641/,tvMovie,7.5,50,1999,Documentary,451,1999-10-06,Jasper James,,
156,tt0081846,2022-09-25,2022-09-25,,Cosmos,https://www.imdb.com/title/tt0081846/,tvMiniSeries,9.3,780,1980,Documentary,41992,1980-09-28,,,
157,tt0445922,2022-09-25,2022-09-25,,Across the Universe,https://www.imdb.com/title/tt0445922/,movie,7.3,133,2007,"Drama, Fantasy, History, Music, Musical, Romance",112062,2007-09-09,Julie Taymor,,
158,tt0432334,2022-09-25,2022-09-25,,Neanderthal,https://www.imdb.com/title/tt0432334/,tvMovie,7.6,100,2001,Documentary,125,2001-12-31,Tony Mitchell,,
159,tt3631226,2022-09-25,2022-09-25,,How the Universe Works,https://www.imdb.com/title/tt3631226/,short,,18,2014,"Short, Mystery",,2014-01-11,David Peter Calderon,,
160,tt0478304,2022-09-25,2022-09-25,,The Tree of Life,https://www.imdb.com/title/tt0478304/,movie,6.8,139,2011,"Drama, Fantasy",179933,2011-05-16,Terrence Malick,,
161,tt0361596,2022-09-25,2022-09-25,,Fahrenheit 9/11,https://www.imdb.com/title/tt0361596/,movie,7.5,122,2004,"Documentary, Drama, War",130667,2004-05-17,Michael Moore,,
162,tt1895587,2022-09-25,2022-09-25,,Spotlight,https://www.imdb.com/title/tt1895587/,movie,8.1,129,2015,"Biography, Crime, Drama",479861,2015-09-03,Tom McCarthy,,
163,tt0343818,2022-09-25,2022-09-25,,"I, Robot",https://www.imdb.com/title/tt0343818/,movie,7.1,115,2004,"Action, Mystery, Sci-Fi, Thriller",552142,2004-07-07,Alex Proyas,,
164,tt0421715,2022-09-25,2022-09-25,,The Curious Case of Benjamin Button,https://www.imdb.com/title/tt0421715/,movie,7.8,166,2008,"Drama, Fantasy, Romance",664631,2008-12-10,David Fincher,,
165,tt0099878,2022-09-25,2022-09-25,,Jetsons: The Movie,https://www.imdb.com/title/tt0099878/,movie,5.5,82,1990,"Animation, Comedy, Family, Musical, Sci-Fi",5452,1990-07-06,"Joseph Barbera, William Hanna, Iwao Takamoto",,
166,tt1513168,2022-09-25,2022-09-25,,Through the Wormhole,https://www.imdb.com/title/tt1513168/,tvSeries,8.6,60,2010,Documentary,18013,2010-06-09,,,
167,tt13957868,2022-09-25,2022-09-25,,Peanuts,https://www.imdb.com/title/tt13957868/,tvSeries,6.9,25,1965,"Animation, Comedy, Family",10,1965-12-09,,,
168,tt0060026,2022-09-25,2022-09-25,,Space Ghost,https://www.imdb.com/title/tt0060026/,tvSeries,7.3,30,1966,"Animation, Action, Adventure, Family, Sci-Fi",1962,1966-09-10,,,
169,tt2007385,2022-09-25,2022-09-25,,From the Sky Down,https://www.imdb.com/title/tt2007385/,movie,7.4,90,2011,"Documentary, Music",979,2011-09-08,Davis Guggenheim,,
170,tt0120102,2022-09-25,2022-09-25,,Seven Years in Tibet,https://www.imdb.com/title/tt0120102/,movie,7.1,136,1997,"Adventure, Biography, Drama, History, War",148712,1997-09-13,Jean-Jacques Annaud,,
171,tt0091369,2022-09-25,2022-09-25,,Labyrinth,https://www.imdb.com/title/tt0091369/,movie,7.3,101,1986,"Adventure, Family, Fantasy, Musical",142147,1986-06-27,Jim Henson,,
172,tt0088763,2022-09-25,2022-09-25,,Back to the Future,https://www.imdb.com/title/tt0088763/,movie,8.5,116,1985,"Adventure, Comedy, Sci-Fi",1230537,1985-07-03,Robert Zemeckis,,
173,tt0464154,2022-09-25,2022-09-25,,Piranha 3D,https://www.imdb.com/title/tt0464154/,movie,5.5,88,2010,"Comedy, Horror",93543,2010-08-20,Alexandre Aja,,
174,tt0213149,2022-09-25,2022-09-25,,Pearl Harbor,https://www.imdb.com/title/tt0213149/,movie,6.2,183,2001,"Action, Drama, History, Romance, War",339458,2001-05-21,Michael Bay,,
175,tt0082474,2022-09-25,2022-09-25,,The Great Muppet Caper,https://www.imdb.com/title/tt0082474/,movie,7.1,97,1981,"Adventure, Comedy, Crime, Family, Musical, Mystery",15973,1981-06-26,Jim Henson,,
176,tt0087755,2022-09-25,2022-09-25,,The Muppets Take Manhattan,https://www.imdb.com/title/tt0087755/,movie,6.8,94,1984,"Adventure, Comedy, Drama, Family, Musical, Romance",21998,1984-07-13,Frank Oz,,
177,tt0063951,2022-09-25,2022-09-25,,Sesame Street,https://www.imdb.com/title/tt0063951/,tvSeries,8.1,55,1969,"Animation, Adventure, Comedy, Family, Fantasy, Music, Musical",14495,1969-07-21,,,
178,tt0094291,2022-09-25,2022-09-25,,Wall Street,https://www.imdb.com/title/tt0094291/,movie,7.3,126,1987,"Crime, Drama",159446,1987-12-11,Oliver Stone,,
179,tt13629658,2022-09-25,2022-09-25,,Bram Stoker's Dracula: A Documentary,https://www.imdb.com/title/tt13629658/,movie,5.5,56,2007,Documentary,10,2007-12-31,Liam Dale,,
180,tt0110148,2022-09-25,2022-09-25,,Interview with the Vampire: The Vampire Chronicles,https://www.imdb.com/title/tt0110148/,movie,7.5,123,1994,"Drama, Fantasy, Horror",331239,1994-11-09,Neil Jordan,,
181,tt0198270,2022-09-25,2022-09-25,,The 3 Tenors in Concert 1994,https://www.imdb.com/title/tt0198270/,tvSpecial,8.1,,1994,Music,235,1994-07-17,William Cosel,,
182,tt0098936,2022-09-25,2022-09-25,,Twin Peaks,https://www.imdb.com/title/tt0098936/,tvSeries,8.8,47,1990,"Crime, Drama, Mystery, Thriller",203016,1989-09-28,,,
183,tt0116695,2022-09-25,2022-09-25,,Jerry Maguire,https://www.imdb.com/title/tt0116695/,movie,7.3,139,1996,"Comedy, Drama, Romance, Sport",274210,1996-12-06,Cameron Crowe,,
184,tt0103772,2022-09-25,2022-09-25,,Basic Instinct,https://www.imdb.com/title/tt0103772/,movie,7.0,127,1992,"Drama, Mystery, Thriller",206839,1992-03-18,Paul Verhoeven,,
185,tt0128278,2022-09-25,2022-09-25,,Instinct,https://www.imdb.com/title/tt0128278/,movie,6.5,126,1999,"Drama, Thriller",33697,1999-06-04,Jon Turteltaub,,
186,tt0098904,2022-09-25,2022-09-25,,Seinfeld,https://www.imdb.com/title/tt0098904/,tvSeries,8.9,22,1989,Comedy,329242,1989-05-06,,,
187,tt0093105,2022-09-25,2022-09-25,,"Good Morning, Vietnam",https://www.imdb.com/title/tt0093105/,movie,7.3,121,1987,"Biography, Comedy, Drama, War",145731,1987-12-23,Barry Levinson,,
188,tt4786824,2022-09-25,2022-09-25,,The Crown,https://www.imdb.com/title/tt4786824/,tvSeries,8.6,58,2016,"Biography, Drama, History",228535,2016-11-01,,,
189,tt5058160,2022-09-25,2022-09-25,,The Vietnam War,https://www.imdb.com/title/tt5058160/,tvMiniSeries,7.4,,2015,Documentary,33,2015-04-30,,,
190,tt0113987,2022-09-25,2022-09-25,,Nixon,https://www.imdb.com/title/tt0113987/,movie,7.1,192,1995,"Biography, Drama, History",31758,1995-12-20,Oliver Stone,,
191,tt0105793,2022-09-25,2022-09-25,,Wayne's World,https://www.imdb.com/title/tt0105793/,movie,7.0,94,1992,"Comedy, Music",162666,1992-02-14,Penelope Spheeris,,
192,tt3966550,2022-09-25,2022-09-25,,Elephant's Dream,https://www.imdb.com/title/tt3966550/,movie,7.2,72,2014,"Documentary, News",61,2014-10-29,Kristof Bilsen,,
193,tt1727587,2022-09-25,2022-09-25,,Sintel,https://www.imdb.com/title/tt1727587/,short,7.4,14,2010,"Animation, Short, Fantasy",3562,2010-09-27,Colin Levy,,
194,tt0119116,2022-09-25,2022-09-25,,The Fifth Element,https://www.imdb.com/title/tt0119116/,movie,7.6,126,1997,"Action, Adventure, Sci-Fi",483697,1997-05-07,Luc Besson,,
195,tt0112178,2022-09-25,2022-09-25,,Star Trek: Voyager,https://www.imdb.com/title/tt0112178/,tvSeries,7.8,44,1995,"Action, Adventure, Sci-Fi",72080,1995-01-10,,,
196,tt0092455,2022-09-25,2022-09-25,,Star Trek: The Next Generation,https://www.imdb.com/title/tt0092455/,tvSeries,8.7,44,1987,"Action, Adventure, Sci-Fi",126020,1987-09-26,,,
197,tt0796366,2022-09-25,2022-09-25,,Star Trek,https://www.imdb.com/title/tt0796366/,movie,7.9,127,2009,"Action, Adventure, Sci-Fi",609082,2009-04-06,J.J. Abrams,,
198,tt0848228,2022-09-25,2022-09-25,,The Avengers,https://www.imdb.com/title/tt0848228/,movie,8.0,143,2012,"Action, Sci-Fi",1409797,2012-04-11,Joss Whedon,,
199,tt0286716,2022-09-25,2022-09-25,,Hulk,https://www.imdb.com/title/tt0286716/,movie,5.6,138,2003,"Action, Sci-Fi",272035,2003-06-17,Ang Lee,,
200,tt0145487,2022-09-25,2022-09-25,,Spider-Man,https://www.imdb.com/title/tt0145487/,movie,7.4,121,2002,"Action, Adventure, Sci-Fi",833512,2002-04-30,Sam Raimi,,
201,tt0316654,2022-09-25,2022-09-25,,Spider-Man 2,https://www.imdb.com/title/tt0316654/,movie,7.4,127,2004,"Action, Adventure, Sci-Fi",668159,2004-06-25,Sam Raimi,,
202,tt0290334,2022-09-25,2022-09-25,,X2,https://www.imdb.com/title/tt0290334/,movie,7.4,134,2003,"Action, Sci-Fi, Thriller",558919,2003-04-24,Bryan Singer,,
203,tt0100486,2022-09-25,2022-09-25,,Reversal of Fortune,https://www.imdb.com/title/tt0100486/,movie,7.2,111,1990,"Biography, Drama, Mystery",17340,1990-09-12,Barbet Schroeder,,
204,tt0096969,2022-09-25,2022-09-25,,Born on the Fourth of July,https://www.imdb.com/title/tt0096969/,movie,7.2,145,1989,"Biography, Drama, War",110195,1989-12-20,Oliver Stone,,
205,tt0469641,2022-09-25,2022-09-25,,World Trade Center,https://www.imdb.com/title/tt0469641/,movie,6.0,129,2006,"Drama, History, Thriller",85306,2006-08-09,Oliver Stone,,
206,tt1175491,2022-09-25,2022-09-25,,W.,https://www.imdb.com/title/tt1175491/,movie,6.3,129,2008,"Biography, Comedy, Drama, History",49182,2008-10-16,Oliver Stone,,
207,tt0346491,2022-09-25,2022-09-25,,Alexander,https://www.imdb.com/title/tt0346491/,movie,5.6,175,2004,"Action, Biography, Drama, History, War",172489,2004-11-16,Oliver Stone,,
208,tt0120669,2022-09-25,2022-09-25,,Fear and Loathing in Las Vegas,https://www.imdb.com/title/tt0120669/,movie,7.5,118,1998,"Adventure, Comedy, Drama",290249,1998-05-15,Terry Gilliam,,
209,tt0032145,2022-09-25,2022-09-25,,Wuthering Heights,https://www.imdb.com/title/tt0032145/,movie,7.5,104,1939,"Drama, Romance",18849,1939-03-24,William Wyler,,
210,tt0096895,2022-09-25,2022-09-25,,Batman,https://www.imdb.com/title/tt0096895/,movie,7.5,126,1989,"Action, Adventure",385285,1989-06-19,Tim Burton,,
211,tt0057756,2022-09-25,2022-09-25,,Hoppity Hooper,https://www.imdb.com/title/tt0057756/,tvSeries,7.8,30,1964,"Animation, Comedy",92,1964-09-12,,,
212,tt0098621,2022-09-25,2022-09-25,,The War of the Roses,https://www.imdb.com/title/tt0098621/,movie,6.8,116,1989,"Comedy, Romance",55024,1989-12-04,Danny DeVito,,
213,tt1504320,2022-09-25,2022-09-25,,The King's Speech,https://www.imdb.com/title/tt1504320/,movie,8.0,118,2010,"Biography, Drama, History",689870,2010-09-06,Tom Hooper,,
214,tt0169547,2022-09-25,2022-09-25,,American Beauty,https://www.imdb.com/title/tt0169547/,movie,8.4,122,1999,Drama,1169528,1999-09-08,Sam Mendes,,
215,tt0110955,2022-09-25,2022-09-25,,The Ref,https://www.imdb.com/title/tt0110955/,movie,6.9,97,1994,"Comedy, Crime, Drama",25592,1994-03-09,Ted Demme,,
216,tt0442632,2022-09-25,2022-09-25,,Bleak House,https://www.imdb.com/title/tt0442632/,tvMiniSeries,8.3,510,2005,"Crime, Drama",10133,2005-10-27,,,
217,tt1606375,2022-09-25,2022-09-25,,Downton Abbey,https://www.imdb.com/title/tt1606375/,tvSeries,8.7,58,2010,"Drama, Romance",212320,2010-09-26,,,
218,tt0108052,2022-09-26,2022-09-26,,Schindler's List,https://www.imdb.com/title/tt0108052/,movie,9.0,195,1993,"Biography, Drama, History",1378113,1993-11-30,Steven Spielberg,,
219,tt0458352,2022-09-26,2022-09-26,,The Devil Wears Prada,https://www.imdb.com/title/tt0458352/,movie,6.9,109,2006,"Comedy, Drama",432457,2006-06-19,David Frankel,,
220,tt0120591,2022-09-26,2022-09-26,,Armageddon,https://www.imdb.com/title/tt0120591/,movie,6.7,151,1998,"Action, Adventure, Sci-Fi, Thriller",434518,1998-06-30,Michael Bay,,
221,tt0053285,2022-09-26,2022-09-26,,Sleeping Beauty,https://www.imdb.com/title/tt0053285/,movie,7.2,75,1959,"Animation, Adventure, Family, Fantasy, Musical, Romance",153266,1959-01-29,"Wolfgang Reitherman, Les Clark, Clyde Geronimi, Eric Larson, Hamilton Luske",,
222,tt0043274,2022-09-26,2022-09-26,,Alice in Wonderland,https://www.imdb.com/title/tt0043274/,movie,7.3,75,1951,"Animation, Adventure, Comedy, Family, Fantasy, Musical",146301,1951-07-26,"Jack Kinney, Clyde Geronimi, Wilfred Jackson, Hamilton Luske",,
223,tt0499608,2022-09-26,2022-09-26,,Tranced,https://www.imdb.com/title/tt0499608/,movie,5.7,,2010,"Drama, Fantasy, Romance, Thriller",51,2010-12-31,David Mickey Evans,,
224,tt0104797,2022-09-26,2022-09-26,,Malcolm X,https://www.imdb.com/title/tt0104797/,movie,7.7,202,1992,"Biography, Drama, History",97606,1992-11-17,Spike Lee,,
225,tt1643266,2022-09-26,2022-09-26,,Ancient Aliens,https://www.imdb.com/title/tt1643266/,tvSeries,7.1,42,2009,"Documentary, History, Sci-Fi",11789,2009-12-31,,,
226,tt0119488,2022-09-26,2022-09-26,,L.A. Confidential,https://www.imdb.com/title/tt0119488/,movie,8.2,138,1997,"Crime, Drama, Mystery, Thriller",590924,1997-05-14,Curtis Hanson,,
227,tt6945708,2022-09-26,2022-09-26,,Year Million,https://www.imdb.com/title/tt6945708/,tvMiniSeries,7.4,47,2017,"Documentary, Drama, Sci-Fi",660,2017-05-15,,,
228,tt0082971,2022-09-26,2022-09-26,,Raiders of the Lost Ark,https://www.imdb.com/title/tt0082971/,movie,8.4,115,1981,"Action, Adventure",981665,1981-06-12,Steven Spielberg,,
229,tt0087469,2022-09-26,2022-09-26,,Indiana Jones and the Temple of Doom,https://www.imdb.com/title/tt0087469/,movie,7.5,118,1984,"Action, Adventure",500935,1984-05-08,Steven Spielberg,,
230,tt0097576,2022-09-26,2022-09-26,,Indiana Jones and the Last Crusade,https://www.imdb.com/title/tt0097576/,movie,8.2,127,1989,"Action, Adventure",767586,1989-05-24,Steven Spielberg,,
231,tt5254868,2022-09-26,2022-09-26,,The Thinning,https://www.imdb.com/title/tt5254868/,movie,5.3,81,2016,"Action, Drama, Horror, Sci-Fi, Thriller",10133,2016-10-12,Michael J. Gallagher,,
232,tt0083399,2022-09-26,2022-09-26,,Cheers,https://www.imdb.com/title/tt0083399/,tvSeries,7.9,22,1982,"Comedy, Drama",57775,1982-09-30,,,
233,tt0106004,2022-09-26,2022-09-26,,Frasier,https://www.imdb.com/title/tt0106004/,tvSeries,8.2,22,1993,Comedy,87598,1993-09-16,,,
234,tt0086765,2022-09-26,2022-09-26,,"Murder, She Wrote",https://www.imdb.com/title/tt0086765/,tvSeries,7.1,50,1984,"Crime, Drama, Mystery",26233,1984-09-30,,,
235,tt0117571,2022-09-26,2022-09-26,,Scream,https://www.imdb.com/title/tt0117571/,movie,7.4,111,1996,"Horror, Mystery",360023,1996-12-18,Wes Craven,,
236,tt1343865,2022-09-26,2022-09-26,,Web Therapy,https://www.imdb.com/title/tt1343865/,tvSeries,7.4,5,2008,Comedy,2155,2008-09-22,,,
237,tt0099785,2022-09-26,2022-09-26,,Home Alone,https://www.imdb.com/title/tt0099785/,movie,7.7,103,1990,"Comedy, Family",601838,1990-11-10,Chris Columbus,,
238,tt0104431,2022-09-26,2022-09-26,,Home Alone 2: Lost in New York,https://www.imdb.com/title/tt0104431/,movie,6.8,120,1992,"Adventure, Comedy, Crime, Family",373303,1992-11-15,Chris Columbus,,
239,tt3253624,2022-09-26,2022-09-26,,Soaked in Bleach,https://www.imdb.com/title/tt3253624/,movie,7.3,90,2015,"Documentary, Crime",11390,2015-06-01,Benjamin Statler,,
240,tt6133466,2023-01-24,2023-01-24,,The First Purge,https://www.imdb.com/title/tt6133466/,movie,5.2,97,2018,"Action, Horror, Sci-Fi, Thriller",66099,2018-07-04,Gerard McMurray,,
241,tt7764650,2023-01-24,2023-01-24,,The Thinning: New World Order,https://www.imdb.com/title/tt7764650/,movie,4.0,89,2018,"Action, Drama, Horror, Sci-Fi, Thriller",2460,2018-10-17,Michael J. Gallagher,,
242,tt0101862,2023-01-24,2023-01-24,,Father of the Bride,https://www.imdb.com/title/tt0101862/,movie,6.5,105,1991,"Comedy, Family, Romance",79924,1991-12-20,Charles Shyer,,
243,tt2527338,2023-04-20,2023-04-20,,Star Wars: Episode IX - The Rise of Skywalker,https://www.imdb.com/title/tt2527338/,movie,6.5,141,2019,"Action, Adventure, Fantasy, Sci-Fi",464010,2019-12-16,J.J. Abrams,,
244,tt0167260,2023-04-20,2023-04-20,,The Lord of the Rings: The Return of the King,https://www.imdb.com/title/tt0167260/,movie,9.0,201,2003,"Action, Adventure, Drama, Fantasy",1877514,2003-12-01,Peter Jackson,,
245,tt0167261,2023-04-20,2023-04-20,,The Lord of the Rings: The Two Towers,https://www.imdb.com/title/tt0167261/,movie,8.8,179,2002,"Action, Adventure, Drama, Fantasy",1694986,2002-12-05,Peter Jackson,,
